{"WC1B 3DG":[51.519364,-0.126848],"WC2N 5DN":[51.509098,-0.127658],"SE1 9TG":[51.507618,-0.099374],"SW1P 4RG":[51.490871,-0.127181],"SW7 5BD":[51.496564,-0.176868],"SW7 2DD":[51.497296,-0.176493],"SW7 2RL":[51.496941,-0.172199],"WC2H 0HE":[51.509399,-0.128453],"W1U 3BN":[51.517314,-0.152949],"SE1 6HZ":[51.496009,-0.108328],"SW3 4HT":[51.486225,-0.160342],"SE10 9NF":[51.480285,-0.00602],"NW1 2BE":[51.525898,-0.133918],"NW1 2DB":[51.529987,-0.126989],"WC2A 3BP":[51.516956,-0.117953],"E2 9PA":[51.527774,-0.055182],"SE23 3PQ":[51.441131,-0.060737],"EC2V 5AE":[51.515276,-0.091906],"E2 8EA":[51.531557,-0.076244],"EC2R 8AH":[51.514188,-0.088622],"E14 4AL":[51.507613,-0.024539],"E20 3BS":[51.547521,-0.022262],"EC3N 4AB":[51.508275,-0.076246],"KT8 9AU":[51.403812,-0.337649],"W8 4PX":[51.505199,-0.188022],"SW1A 2AQ":[51.502166,-0.126574],"SE1 2JH":[51.506589,-0.081461],"SE10 9HT":[51.483529,-0.009594],"SE10 8XJ":[51.477346,-0.000848],"SW1P 3PA":[51.498763,-0.128082],"W1J 7NT":[51.503412,-0.15184],"NW3 7JR":[51.571328,-0.1676],"SE9 5QE":[51.448212,0.049517],"BR6 7JT":[51.324537,0.054407],"TW1 2NL":[51.449705,-0.315905],"SE10 8QX":[51.473411,-0.001611],"SW1P 3JX":[51.500005,-0.126979],"NW3 1TH":[51.557193,-0.169394],"SW3 5HL":[51.483932,-0.169537],"NW3 6SP":[51.558694,-0.179173],"TW10 7RS":[51.44424,-0.314193],"TW7 4RB":[51.490736,-0.353143],"E9 6JQ":[51.548486,-0.050404],"DA6 8JF":[51.455562,0.129563],"IG11 9SN":[51.534344,0.099454],"RM13 9YN":[51.517737,0.190783],"WC1N 2LX":[51.523601,-0.116237],"NW3 5SX":[51.548838,-0.177417],"NW3 2RR":[51.555484,-0.168208],"EC4A 3DE":[51.515155,-0.107765],"W1K 4HB":[51.512967,-0.145904],"W14 8LZ":[51.498433,-0.203534],"W8 7BH":[51.500419,-0.197015],"W4 2QN":[51.487099,-0.258815],"E1 6BX":[51.520982,-0.077324],"WC2N 5NF":[51.507671,-0.124979],"SW1A 1NR":[51.505451,-0.139783],"TW1 4ST":[51.439003,-0.333422],"W4 2RP":[51.486097,-0.257355],"W5 5EQ":[51.510908,-0.307092],"SW6 6EA":[51.470771,-0.21588],"IG1 4XA":[51.571805,0.065679],"SW19 4RJ":[51.420389,-0.22804],"WC1X 0DA":[51.524762,-0.114056],"WC2E 7BB":[51.512125,-0.121222],"W8 6AG":[51.499874,-0.200163],"SE1 3XF":[51.501525,-0.081919],"W1T 3PA":[51.516922,-0.137283],"WC1N 1AZ":[51.525481,-0.120758],"SE1 7LB":[51.495049,-0.120196],"N1 2AN":[51.543993,-0.099891],"SE21 7AD":[51.445632,-0.086723],"SE10 8ER":[51.478713,-0.007687],"SE16 4LF":[51.501596,-0.05294],"NW1 6XE":[51.52366,-0.158516],"E2 9DA":[51.531861,-0.057026],"W11 1QT":[51.516212,-0.211222],"WC2A 3PE":[51.515285,-0.115874],"SE1 9RY":[51.505,-0.088229],"SE1 9DG":[51.507218,-0.091868],"N1 9RT":[51.534223,-0.120297],"NW1 2HD":[51.526403,-0.135742],"WC2R 1AP":[51.513089,-0.112967],"E8 4RP":[51.534925,-0.057458],"EC2V 7HH":[51.516073,-0.092824],"TW8 0EN":[51.489526,-0.289908],"SE2 9AQ":[51.506562,0.135472],"TW8 0DU":[51.488006,-0.292342],"NW1 7NB":[51.537163,-0.144517],"SW9 8EN":[51.4616,-0.115941],"WC1B 5DP":[51.521741,-0.128134],"SE11 4TH":[51.49228,-0.105169],"WC1E 6BT":[51.523571,-0.132398],"WC1E 6DE":[51.523625,-0.134659],"WC2R 0RN":[51.510734,-0.116912],"SW7 2BS":[51.49928,-0.176889],"NW1 5HT":[51.523499,-0.151675],"SE1 1UL":[51.502722,-0.089678],"NW1 4LE":[51.525749,-0.144981],"HA1 3HP":[51.572282,-0.337383],"NW9 5LL":[51.598946,-0.238164],"SW1A 2AX":[51.504982,-0.127236],"SW1E 6HQ":[51.499986,-0.137642],"SW3 4SR":[51.487401,-0.157313],"SW7 2PN":[51.499113,-0.173668],"SW1W 0QH":[51.498766,-0.145198],"SW1A 1AA":[51.50101,-0.141563],"EC1Y 2BQ":[51.52318,-0.087496],"HA7 3FB":[51.626532,-0.333449],"UB10 0GG":[51.54085,-0.465083],"N17 8NU":[51.59915,-0.075441],"EN5 4BE":[51.652817,-0.202466],"E8 1GQ":[51.544479,-0.05607],"CR9 1ET":[51.371911,-0.099511],"SM5 3NX":[51.365998,-0.165867],"SM5 3LW":[51.355091,-0.170568],"E17 9NH":[51.583167,-0.012646],"RM8 3HT":[51.558312,0.134201],"E17 4PP":[51.590586,-0.018517],"EN2 9HA":[51.66979,-0.068542],"EN2 6DS":[51.649837,-0.080695],"W3 8LQ":[51.499454,-0.286828],"KT1 2PS":[51.409409,-0.300233],"HA2 6PX":[51.593693,-0.352699],"IG1 1EA":[51.558064,0.075328],"SW19 4QN":[51.423611,-0.216336],"SE19 2BA":[51.418561,-0.074492],"CR4 3UD":[51.402121,-0.168117],"TW1 3DU":[51.446506,-0.326111],"SW19 5AE":[51.416892,-0.21329],"TW2 7BA":[51.455086,-0.340076],"NW8 8QN":[51.528546,-0.173053],"N7 7AJ":[51.554293,-0.108449],"SW6 1HS":[51.481125,-0.190273],"SW19 5NR":[51.436949,-0.231888],"W1J 0BD":[51.509099,-0.139576],"SW3 4LY":[51.491293,-0.159461],"E1 7QX":[51.516012,-0.070399],"W2 3XA":[51.50479,-0.174983],"SE1 8XX":[51.505768,-0.1168],"SW1Y 5AH":[51.506609,-0.130585],"EC2Y 8DS":[51.519961,-0.094103],"W1F 7LW":[51.514927,-0.139022],"NW3 6DG":[51.551252,-0.183466],"SE11 6AJ":[51.492769,-0.117639],"WC2R 3BD":[51.511603,-0.112222],"EC4N 8AR":[51.512165,-0.091431],"EC1M 6AN":[51.521938,-0.100709],"SW1A 2ER":[51.504538,-0.125929],"SE1 2UP":[51.503379,-0.076553],"SE1 9DE":[51.50626,-0.090481],"SE13 7EP":[51.461793,-0.011692],"NW3 1LT":[51.558181,-0.175068],"BR3 3BX":[51.38092,-0.029741],"W2 1NY":[51.516971,-0.173545],"HA5 1AE":[51.59163,-0.386714],"NW8 0RH":[51.537426,-0.185487],"SW15 3RN":[51.433693,-0.261967],"W6 9TS":[51.489798,-0.242579],"EC3R 5BJ":[51.509331,-0.079184],"E3 4RR":[51.519458,-0.035875],"EC1M 4DA":[51.521923,-0.102511],"SE1 0JF":[51.50608,-0.102147],"SE7 8RE":[51.480478,0.03718],"TW8 9JX":[51.492341,-0.318585],"DA5 1PQ":[51.447968,0.159302],"TW1 3DY":[51.445338,-0.325506],"NW10 2SF":[51.546904,-0.229056],"W1J 7JZ":[51.50273,-0.15077],"SE1 7EW":[51.49872,-0.11879],"WC2E 7AS":[51.51316,-0.12206]}